Artist,Album,Title
Ballyhoo!,Armatage Shanks,Armatage Shanks
Ballyhoo!,Close to Me,Close to Me
Ballyhoo!,Close to Me,ICARUS
Ballyhoo!,Close to Me,Meaningful
Ballyhoo!,Close to Me,SWIM
Ballyhoo!,Dammit,Dammit
Ballyhoo!,Detonate,Barnabas
Ballyhoo!,Detonate,Bruce Wayne
Ballyhoo!,Detonate,Can't Hardly Wait
Ballyhoo!,Detonate,Detonate
Ballyhoo!,Detonate,Gas Station Burrito
Ballyhoo!,Detonate,I Don't Wanna Go
Ballyhoo!,Detonate,Maryland Summer
Ballyhoo!,Detonate,Mind Over Matter
Ballyhoo!,Detonate,Riddled With Bullets
Ballyhoo!,Detonate,Selling Out
Ballyhoo!,Detonate,Stop Ruining My Life
Ballyhoo!,Fighter,California King
Ballyhoo!,Fighter,Dark Sunglasses
Ballyhoo!,Fighter,Fighter
Ballyhoo!,Fighter,Renegade
Ballyhoo!,Girls.,Blaze This Weed
Ballyhoo!,Girls.,Drink About You
Ballyhoo!,Girls.,Girls.
Ballyhoo!,Girls.,Gone Girl
Ballyhoo!,Girls.,Jameson & Ginger
Ballyhoo!,Girls.,Let Her Go
Ballyhoo!,Girls.,Mixtape
Ballyhoo!,Girls.,One in a Million
Ballyhoo!,Girls.,Ras Vader
Ballyhoo!,Girls.,Rollercoaster
Ballyhoo!,Girls.,She Wants Love
Ballyhoo!,Girls.,Summer Fling
Ballyhoo!,I'll Be Ok,I'll Be Ok
Ballyhoo!,ICARUS,ICARUS
Ballyhoo!,Johnny Quest Thinks We're Sellouts,Johnny Quest Thinks We're Sellouts
Ballyhoo!,Meaningful,Meaningful
Ballyhoo!,Message to the World,California King
Ballyhoo!,Message to the World,Dark Sunglasses
Ballyhoo!,Message to the World,Dead by Tomorrow
Ballyhoo!,Message to the World,Fighter
Ballyhoo!,Message to the World,Forward
Ballyhoo!,Message to the World,Message to the World
Ballyhoo!,Message to the World,Renegade
Ballyhoo!,Message to the World,Scarlet Blue
Ballyhoo!,Message to the World,Social Drinker
Ballyhoo!,Middle Finger,Middle Finger
Ballyhoo!,Planet Sad Boi,Beachside Baby
Ballyhoo!,Planet Sad Boi,Please Come Home For Christmas
Ballyhoo!,Planet Sad Boi,She's Outta My League
Ballyhoo!,Planet Sad Boi,Tired of Waiting
Ballyhoo!,S.T.P.,S.T.P.
Ballyhoo!,SELF EMPLOYED,Close to Me
Ballyhoo!,SELF EMPLOYED,Four Days
Ballyhoo!,SELF EMPLOYED,ICARUS
Ballyhoo!,SELF EMPLOYED,Love Letters - Sad Boi Mix
Ballyhoo!,SELF EMPLOYED,Meaningful
Ballyhoo!,SELF EMPLOYED,SELF EMPLOYED
Ballyhoo!,SELF EMPLOYED,SWIM
Ballyhoo!,SWIM,Meaningful
Ballyhoo!,SWIM,SWIM
Ballyhoo!,Shellshock,808's x Coffee
Ballyhoo!,Shellshock,Clip My Wings
Ballyhoo!,Shellshock,Drunk Texter (with HIRIE)
Ballyhoo!,Shellshock,Insomniac
Ballyhoo!,Shellshock,Irene
Ballyhoo!,Shellshock,Just Business (with Kyle Smith)
Ballyhoo!,Shellshock,Make Believe
Ballyhoo!,Shellshock,Polarity
Ballyhoo!,Shellshock,Prisoner
Ballyhoo!,Shellshock,Sharks at the Beach
Ballyhoo!,Shellshock,Shellshock (with Iya Terra)
Ballyhoo!,Shellshock,Sleepin' on the Couch (with The Elovaters)
Ballyhoo!,Shellshock,The Great Blackout of 2007 (with Bumpin Uglies)
Ballyhoo!,Shellshock,Under the Sun (with Tropidelic)
Ballyhoo!,Social Drinker,Social Drinker
Ballyhoo!,Sounds of Summer '19,California King
Ballyhoo!,Sounds of Summer '19,Dark Sunglasses
Ballyhoo!,The Come Up,The Come Up
Ballyhoo!,This Chick Is Wack,This Chick Is Wack
